Date Added, Company, Role, Location, URL, Source, Age, Application
|---|---|---|---|---|---|---|---|
| 2026-07-02 | ABB | Finance Intern - Fall 2026 | Cary, NC | https://www.linkedin.com/jobs/view/4431715887 | jobspy | unknown |  |
| 2026-07-02 | The New York Racing Association | Accounts Payable Intern | Jamaica, NY | https://www.linkedin.com/jobs/view/4412849143 | jobspy | 1d |  |
| 2026-07-03 | Etched | Finance Intern | San Jose, CA | https://www.linkedin.com/jobs/view/4416995183 | jobspy | unknown |  |
| 2026-07-03 | LJB Inc. | Data Co-op | Miamisburg, OH | https://www.linkedin.com/jobs/view/4435830176 | jobspy | unknown |  |
| 2026-07-03 | Bridgeway Advisors | Fall 2026 Investment Banking Internship | New York, NY | https://www.linkedin.com/jobs/view/4434665813 | jobspy | 1d |  |
| 2026-07-03 | Susquehanna International Group | Equity Analyst Internship: Summer 2027 | Bala-Cynwyd, PA | https://www.linkedin.com/jobs/view/4406714874 | jobspy | unknown |  |
| 2026-07-03 | Trane Technologies | Collections Data Analyst Intern | La Crosse, WI | https://www.linkedin.com/jobs/view/4435221998 | jobspy | unknown |  |
| 2026-07-03 | Biomedical Research Foundation | Finance INTERNSHIP | Shreveport, LA | https://www.linkedin.com/jobs/view/4433182460 | jobspy | unknown |  |
| 2026-07-03 | Ephemeris Net | 2026 Fall Financial Strategy Intern | Oakland, CA | https://www.linkedin.com/jobs/view/4433114271 | jobspy | unknown |  |
| 2026-07-03 | Bosch USA | Business Intelligence Intern - Fall | Watertown, MA | https://www.linkedin.com/jobs/view/4433117050 | jobspy | 1d |  |
| 2026-07-03 | Kroenke Sports & Entertainment | Season Analytics Intern with Colorado Avalanche | Denver, CO | https://www.linkedin.com/jobs/view/4436459787 | jobspy | 1d |  |
| 2026-07-04 | Castle Park Investments | Data Analytics & AI Intern / Analyst - Castle Park Investments | New York, NY | https://www.linkedin.com/jobs/view/4436793097 | jobspy | unknown |  |
| 2026-07-04 | CTGT | Software Engineer Intern | SF | https://jobs.ashbyhq.com/ctgt/f657c2f5-125e-42b6-a68a-646bbea3d155/application | simplify | 5h |  |
| 2026-07-04 | Verne Robotics | Engineering Intern | San Bruno, CA | https://jobs.ashbyhq.com/Verne%20Robotics/bb78cdd4-449b-49f0-bd10-2c62fc85f83b/application | simplify | 5h |  |
| 2026-07-04 | Droyd Robotics | Machine Learning Intern | SF | https://jobs.ashbyhq.com/droyd/fd533fd8-65a7-41eb-bdf0-e75f02e739e9/application | simplify | 5h |  |
| 2026-07-04 | Droyd Robotics | Software Engineer Intern | SF | https://jobs.ashbyhq.com/droyd/8d46ed05-1b38-4c68-938e-f10b4c7d4694/application | simplify | 5h |  |
| 2026-07-04 | Zipline | Business Operations (Supply Chain) Intern (Fall 2026) | South San Francisco, California, USA | https://jobright.ai/jobs/info/6a36ba4da0f3e56e86d6bc1b?utm_source=1099&utm_campaign=Supply%20Chain | intern-list | 8h |  |
| 2026-07-04 | Moss & Associates | Construction Technologies Intern | McKinney, TX, Tampa, FL, Fort Lauderdale, FL | https://mosscm.wd1.myworkdayjobs.com/moss_careers/job/FORT-LAUDERDALE-FL/Construction-Technologies-Internship_R-2710 | simplify | 8h |  |
| 2026-07-04 | ADVANTAGE AUSTRIA USA | Internship | DC-Baltimore Area | https://jobright.ai/jobs/info/6a4944c45d7b097d2df3aefe?utm_source=1099&utm_campaign=Business%20Analyst | intern-list | 8h |  |
| 2026-07-04 | Micron Technology | Assembly Process Technician Intern - Yield Enhancement / Failure Analysis | Leander, TX | https://micron.wd1.myworkdayjobs.com/External/job/MSB-Singapore/Intern---Assembly-Process-Technician--Yield-Enhancement---Failure-Analysis-_JR104101 | simplify | 8h |  |
| 2026-07-04 | Black Diamond Networks | Sales Internship (TX) | Austin, TX | https://jobright.ai/jobs/info/694b01163019f50a4fe6087a?utm_source=1099&utm_campaign=Sales | intern-list | 9h |  |
| 2026-07-04 | Starbeam | Sales & Marketing (Growth) Intern | San Francisco, CA | https://jobright.ai/jobs/info/6a4942484f64ba41dcb59e10?utm_source=1099&utm_campaign=Sales | intern-list | 9h |  |
| 2026-07-04 | University of Maryland - College Park | Office of Career Services Intern - Technology Team | Hyattsville, MD | https://umd.wd1.myworkdayjobs.com/UMCP/job/University-of-Maryland-College-Park/Intern--Office-of-Career-Services---Technology-Team_JR104246-1 | simplify | 9h |  |
| 2026-07-04 | Black Diamond Networks | Sales Internship (MA) | Andover, MA | https://jobright.ai/jobs/info/694b09861224705e90021d4e?utm_source=1099&utm_campaign=Sales | intern-list | 9h |  |
| 2026-07-04 | Mariner Finance | Branch Operations Summer Internship | Bel Air, MD, US | https://jobright.ai/jobs/info/6a2b21789bf7365df089c8a4?utm_source=1099&utm_campaign=Customer%20Service | intern-list | 9h |  |
| 2026-07-04 | Red Ventures | We're Planning Ahead - Join the Talent Pipeline for our 2027 Business Analyst Internship | Charlotte, NC | https://jobright.ai/jobs/info/6a11032b12f8b43cf3988b22?utm_source=1099&utm_campaign=Business%20Analyst | intern-list | 9h |  |
| 2026-07-04 | Salt River Project | College Intern - Solution Center IT Help Desk Job Details \| SRP | Tempe, AZ, US | https://jobright.ai/jobs/info/6a4938735d7b097d2df3ae20?utm_source=1099&utm_campaign=Customer%20Service | intern-list | 9h |  |
| 2026-07-04 | Output Biosciences | Research Intern - Machine Learning | SF, NYC | https://jobs.ashbyhq.com/output/da2723ca-a418-49f1-b7da-a4f383dd8239/application | simplify | 10h |  |
| 2026-07-04 | Sony Electronics | Intern - UI/UX Researcher - Human Factor Engineer | San Diego, CA | https://jobright.ai/jobs/info/69f53c0143a25828a8d17f91?utm_source=1099&utm_campaign=Creatives%20Design | intern-list | 10h |  |
| 2026-07-04 | Alfa Laval | Supply Chain Intern | Richmond, VA, US | https://jobright.ai/jobs/info/6a0ff70c9f654b3359ce9024?utm_source=1099&utm_campaign=Supply%20Chain | intern-list | 11h |  |
| 2026-07-04 | Walgreens | Pharmacy Intern-scholarships available | 3720 S COLLEGE RD,WILMINGTON,NC,28412-02004-01560-S | https://jobright.ai/jobs/info/69d43989cfdc6132f9458fe3?utm_source=1099&utm_campaign=Customer%20Service | intern-list | 11h |  |
| 2026-07-04 | Walgreens | Pharmacy Intern | Multi Locations: 120 W RAILROAD ST,LONG BEACH,MS,39560-04634-09545-S; 2605 S 171ST ST,OMAHA,NE,68130 | https://jobright.ai/jobs/info/6a08d835403fc339507effb1?utm_source=1099&utm_campaign=Customer%20Service | intern-list | 11h |  |
| 2026-07-04 | Walgreens | Pharmacy Intern Grad | 1559 FLATBUSH AVE,BROOKLYN,NY,11210 | https://jobright.ai/jobs/info/6a0cb138538d03366dc90063?utm_source=1099&utm_campaign=Customer%20Service | intern-list | 11h |  |
| 2026-07-04 | Walgreens | Pharmacy Intern Grad - Relocation Assistance Available | 5917 HIGH ST W,PORTSMOUTH,VA,23703-04505-07116-S | https://jobright.ai/jobs/info/69b9cf6206c1ba00c54bec2d?utm_source=1099&utm_campaign=Healthcare | intern-list | 11h |  |
| 2026-07-04 | Walgreens | Pharmacy Intern Grad - Sign-On Bonus Available &amp; Relocation Available | 1106 W CLAIREMONT AVE,EAU CLAIRE,WI,54701 | https://jobright.ai/jobs/info/69c7e2ee83ea553769fe74fc?utm_source=1099&utm_campaign=Healthcare | intern-list | 11h |  |
| 2026-07-04 | Walgreens | Pharmacy Intern Grad - Sign-On Bonus &amp; Newly Increased Pay Range | Multi Locations: 1717 MILTON AVE,JANESVILLE,WI,53545-00884-04055-S; 6125 DURAND AVE,MOUNT PLEASANT,WI,53406 | https://jobright.ai/jobs/info/69bf7bf32c312363dcd23145?utm_source=1099&utm_campaign=Healthcare | intern-list | 11h |  |
| 2026-07-04 | Mercedes-Benz in the UK | Learning & Performance Center Junior Associate Consultant (Intern) | United States of America-Texas-Grapevine | https://jobright.ai/jobs/info/6a4507b7824ecd73beef1dd0?utm_source=1099&utm_campaign=Consulting | intern-list | 11h |  |
| 2026-07-04 | Black Diamond Networks | Sales Internship (AZ) | Phoenix, AZ | https://jobright.ai/jobs/info/6a3225cf0ff23769fdb21d64?utm_source=1099&utm_campaign=Sales | intern-list | 11h |  |
| 2026-07-04 | LUNARTECH | Recruiter & Talent Operations Internship | United States | https://jobright.ai/jobs/info/6a491ddbc2d11a6a46675503?utm_source=1099&utm_campaign=Human%20Resources | intern-list | 11h |  |
| 2026-07-04 | Zipline | Global Supply Management Intern (Fall 2026) | South San Francisco, CA | https://jobright.ai/jobs/info/6a2ce2a37cd40a338fae7f46?utm_source=1099&utm_campaign=Supply%20Chain | intern-list | 11h |  |
| 2026-07-04 | Bumble Bee Foods | Business Solutions & Data Analytics Intern | San Diego,CA,US | https://jobright.ai/jobs/info/6a2c36cda1d15e3c552fa955?utm_source=1099&utm_campaign=Data%20Analysis | intern-list | 12h |  |
| 2026-07-04 | Amazon | Amazon Robotics - 2026 Supply Chain Intern/Co-op, Robotics Supply Chain | North Reading, MA | https://jobright.ai/jobs/info/6a290cc71dbd8437bebceb4f?utm_source=1099&utm_campaign=Supply%20Chain | intern-list | 13h |  |
| 2026-07-04 | Modine Manufacturing Company | HR Intern | Racine, WI | https://jobright.ai/jobs/info/6a0fafdf619335383fb2ea55?utm_source=1099&utm_campaign=Human%20Resources | intern-list | 13h |  |
| 2026-07-04 | BorgWarner | HR Intern | Arden - North Carolina - USA, US | https://jobright.ai/jobs/info/69f2793c8d8d624381aa0f3d?utm_source=1099&utm_campaign=Human%20Resources | intern-list | 13h |  |
| 2026-07-04 | AlphaSights | Summer Associate, Client Service, 2027 | San Francisco, CA | https://jobright.ai/jobs/info/69f529910b36ff0354750cf5?utm_source=1099&utm_campaign=Business%20Analyst | intern-list | 13h |  |
| 2026-07-04 | Zipline | Strategic Operations Program Management Intern (Fall 2026) | South San Francisco, CA | https://jobright.ai/jobs/info/6a2ce2aaa1d15e3c552fd580?utm_source=1099&utm_campaign=Business%20Analyst | intern-list | 13h |  |
| 2026-07-04 | Zipline | Material Planning Intern (Fall 2026) | South San Francisco, CA | https://jobright.ai/jobs/info/6a2ce5a17cd40a338fae7fd2?utm_source=1099&utm_campaign=Supply%20Chain | intern-list | 13h |  |
| 2026-07-04 | Mission Technologies, a division of HII | F15E Virtual Instructor Pilot (SkillBridge Intern) Job Details \| HII's Mission Technologies division | Nellis AFB, NV, Nevada, United States | https://jobright.ai/jobs/info/6a4902323dbab558e29ad7a2?utm_source=1099&utm_campaign=Human%20Resources | intern-list | 13h |  |
| 2026-07-04 | Neuralink | Neuroengineer Intern | Fremont - Campus | https://jobright.ai/jobs/info/6a0721d54a0a6a7e7d8242d4?utm_source=1099&utm_campaign=Healthcare | intern-list | 13h |  |
| 2026-07-04 | Safeway | Pharmacy Graduate Intern | Greeley, CO | https://jobright.ai/jobs/info/6a4927a13dbab558e29ad9d6?utm_source=1099&utm_campaign=Healthcare | intern-list | 14h |  |
| 2026-07-04 | KnowBe4 | Sales Development Representative Intern (Hybrid) | Washington, DC Metro Area | https://jobright.ai/jobs/info/6a3c5477882f121f56a345e5?utm_source=1099&utm_campaign=Sales | intern-list | 14h |  |
| 2026-07-04 | Vicente's Supermarket | IT Summer Intern | Brockton, MA | https://jobright.ai/jobs/info/6a3492601232144fb1560a53?utm_source=1099&utm_campaign=Customer%20Service | intern-list | 15h |  |
| 2026-07-04 | Walgreens | Pharmacy Intern | Multi Locations: 12201 MONTWOOD DR,EL PASO,TX,79938; 20260 ROUTE 19,CRANBERRY TOWNSHIP,PA,16066; 3495 BAYSIDE LAKES BLVD SE,PALM BAY,FL,32909; 40 N MERIDIAN RD,YOUNGSTOWN,OH,44509; 6201 SALTSBURG RD,PITTSBURGH,PA,15235; 6906 UNIVERSITY BLVD,MOON TOWNSHIP,PA,15108-04248-10917-S; 9184 E VALENCIA RD,TUCSON,AZ,85747-04902-07041-S; 9202 COMMERCIAL CENTRE DR,BRIDGEVILLE,DE,19933; 956 N MAIN ST,WOODRUFF,SC,29388-09023-17385-S | https://jobright.ai/jobs/info/6a1213839fdbf21f36cb563c?utm_source=1099&utm_campaign=Customer%20Service | intern-list | 11h |  |
| 2026-07-04 | Benco Dental | Technical Support Intern (Fall 2026) | Pittston, PA | https://jobright.ai/jobs/info/6a3c3a63122f340d29ced1ab?utm_source=1099&utm_campaign=Customer%20Service | intern-list | 9h |  |
| 2026-07-04 | SAP | SAP iXp Intern - Value Advisory | Burlington, MA, US, 01803 | https://jobright.ai/jobs/info/6a434c10b0f2553559ecfb6d?utm_source=1099&utm_campaign=Business%20Analyst | intern-list | 9h |  |
| 2026-07-04 | Walgreens | Pharmacy Intern | Multi Locations: 102 2ND ST,CORALVILLE,IA,52241-02606-05977-S; 1033 MILITARY RD,ZANESVILLE,OH,43701-01342-07392-S; 35279 VINE ST,WILLOWICK,OH,44095-03140-13058-S; 361 BERGEN ST,NEWARK,NJ,07103-02201-12064-S; 7301 RADIO RD,NAPLES,FL,34104; 828 ROYAL PKWY,STE 101,NASHVILLE,TN,37214 | https://jobright.ai/jobs/info/6a3fe4aa9dd7f954cafe75f5?utm_source=1099&utm_campaign=Customer%20Service | intern-list | 12h |  |
| 2026-07-04 | Walgreens | Pharmacy Intern Grad - Sign-On Bonus &amp; Newly Increased Pay Range | Multi Locations: 1717 MILTON AVE,JANESVILLE,WI,53545-00884-04055-S; 6125 DURAND AVE,MOUNT PLEASANT,WI,53406 | https://jobright.ai/jobs/info/69bf7f877798f73e35e4524f?utm_source=1099&utm_campaign=Healthcare | intern-list | 12h |  |
| 2026-07-05 | Meta Viable Solutions | Social Media AI Digital Marketing Intern | San Francisco, CA, US | https://www.indeed.com/viewjob?jk=9b1dbb1692cc38e3 | jobspy | 1h |  |
| 2026-07-05 | Meta Viable Solutions | Social Media AI Content Creator Intern | Los Angeles, CA, US | https://www.indeed.com/viewjob?jk=39e45c8b83c7f8a0 | jobspy | 1h |  |
| 2026-07-05 | Meta Viable Solutions | Digital Marketing AI Content Creator Intern | New York, NY, US | https://www.indeed.com/viewjob?jk=b1dae742fbab4933 | jobspy | 1h |  |
| 2026-07-05 | Meta Viable Solutions | AI Content Creator Intern | Remote, US | https://www.indeed.com/viewjob?jk=14e5f17c31b9996e | jobspy | 1h |  |
| 2026-07-05 | Pure Earth | Human Resources Internship | New York, NY | https://jobright.ai/jobs/info/6a43eb7665e80d3c99f2adc8?utm_source=1099&utm_campaign=Human%20Resources | intern-list | 8h |  |
| 2026-07-05 | NY Hotel Trades Council & Hotel Assoc. of NYC Employee Benefit Funds | Resume Specialist (Intern) - PLV Campus | New York, NY 10038, USA | https://jobright.ai/jobs/info/6a3d9674122f340d29cf1667?utm_source=1099&utm_campaign=Human%20Resources | intern-list | 9h |  |
| 2026-07-05 | Festo | Intern - Logistics | Mason, IL, US | https://jobright.ai/jobs/info/6a21ed35902d19201c7bb0d0?utm_source=1099&utm_campaign=Supply%20Chain | intern-list | 11h |  |
| 2026-07-05 | Festo | Intern - Logistics Job Details \| Festo SE & Co. KG | Mason, IL, US | https://jobright.ai/jobs/info/6a345c4dce501060b5cf0e02?utm_source=1099&utm_campaign=Supply%20Chain | intern-list | 11h |  |
| 2026-07-05 | Bandit Industries, Inc. | Customer Service Specialist - Internship | Remus, MI | https://jobright.ai/jobs/info/6a319a405958816970015b04?utm_source=1099&utm_campaign=Customer%20Service | intern-list | 12h |  |
| 2026-07-05 | Urban Resilience Hub by UN-Habitat's CRGP | INTERN - PROJECT MANAGEMENT Job ID : 280216 | New York, United States | https://jobright.ai/jobs/info/6a4983124f64ba41dcb5a58f?utm_source=1099&utm_campaign=Public%20Sector | intern-list | 12h |  |
| 2026-07-05 | Urban Resilience Hub by UN-Habitat's CRGP | Political Affairs Intern: Policy Planning Job ID : 279488 | New York, United States | https://jobright.ai/jobs/info/6a498303c2d11a6a46675dc7?utm_source=1099&utm_campaign=Public%20Sector | intern-list | 12h |  |
| 2026-07-05 | Urban Resilience Hub by UN-Habitat's CRGP | Political Affairs Intern Job ID : 280296 | New York, United States | https://jobright.ai/jobs/info/6a498306c2d11a6a46675dc8?utm_source=1099&utm_campaign=Public%20Sector | intern-list | 12h |  |
| 2026-07-05 | Hanscom Federal Credit Union | Account Management Intern | Chestertown, Maryland, United States | https://jobright.ai/jobs/info/6a31468ce7b7d514a3bd2b05?utm_source=1099&utm_campaign=Sales | intern-list | 13h |  |
| 2026-07-05 | Lumicera Health Services | Summer Intern- IT Support | Appleton, WI | https://jobright.ai/jobs/info/69ce9825cfdc6132f9429acb?utm_source=1099&utm_campaign=Customer%20Service | intern-list | 8h |  |
| 2026-07-05 | CreatriX Technology | Marketing And Business Development Intern | San Francisco Bay Area | https://jobright.ai/jobs/info/6a49e5efc2d11a6a46676481?utm_source=1099&utm_campaign=Sales | intern-list | 8h |  |
| 2026-07-05 | CalAmp | Intern, Product Management - Carlsbad CA (Summer 2026) | Carlsbad, CA, US | https://jobright.ai/jobs/info/6a302262eace377055eb484f?utm_source=1099&utm_campaign=Product%20Management | intern-list | 8h |  |
| 2026-07-05 | Batteries4Better | High School Intern | United States | https://jobright.ai/jobs/info/6a49df71f9cbb100d1ab44d4?utm_source=1099&utm_campaign=Public%20Sector | intern-list | 9h |  |
| 2026-07-05 | accessiBe | Information Technology Intern | New York | https://jobright.ai/jobs/info/6a397a7f06a4fd4b1faba40c?utm_source=1099&utm_campaign=Customer%20Service | intern-list | 9h |  |
| 2026-07-05 | HEI Hotels & Resorts | Internship - Front Office | Houston Grand Hotel - River Oaks - Houston, TX, United States of America | https://jobright.ai/jobs/info/6a49d496c2d11a6a466763a9?utm_source=1099&utm_campaign=Customer%20Service | intern-list | 10h |  |
| 2026-07-05 | Allied OMS | HR Intern | Southlake,TX,US | https://jobright.ai/jobs/info/6a2126aa338c01230511d2e7?utm_source=1099&utm_campaign=Human%20Resources | intern-list | 12h |  |
| 2026-07-05 | Steadman Philippon Research Institute | Summer Business Intern | Vail,CO,US | https://jobright.ai/jobs/info/6a4640f1c2d11a6a4666d56f?utm_source=1099&utm_campaign=Business%20Analyst | intern-list | 17h |  |
| 2026-07-05 | Maxwell Locke & Ritter LLP | Summer 2027 Transaction Advisory Internship (In-Person) | Austin, TX | https://jobright.ai/jobs/info/6a3999b56484fb75f2b32a86?utm_source=1099&utm_campaign=Consulting | intern-list | 8h |  |
| 2026-07-05 | TikTok | Frontend Engineer Project Intern (TikTok Multimedia Arch) - 2026 (BS/MS) | San Jose, CA, US | https://www.intern-list.com/swe-intern-list/frontend_engineer_project_intern_tiktok_multimedia_arch_2026_bs_ms__at_tiktok_89650684 | intern-list | 9h | ↪ via jobright.ai |
| 2026-07-05 | Barnes & Noble College | Student CMO (Campus Marketing Officer – Marketing Intern) | Tampa, FL, US | https://www.intern-list.com/mkt-intern-list/student_cmo_campus_marketing_officer_marketing_intern__at_barnes_noble_college_92229798 | intern-list | 9h | ↪ via jobright.ai |
| 2026-07-05 | Playfly Sports | Partnership Services Intern (University of Maryland) | College Park, Maryland, United States | https://jobright.ai/jobs/info/6a443d4757ffc22029406c6c?utm_source=1099&utm_campaign=Sales | intern-list | 11h |  |
| 2026-07-05 | Until | Rotational Lab Operations Intern (University) | Bay Area | https://jobright.ai/jobs/info/6a49f372f9cbb100d1ab45a1?utm_source=1099&utm_campaign=Supply%20Chain | intern-list | 11h |  |
| 2026-07-05 | American Heart Association | Intern, Development & Community Events-Southwest Virginia | Roanoke, VA, US | https://www.intern-list.com/mkt-intern-list/intern_development_community_events_southwest_virginia_at_american_heart_association_92229748 | intern-list | 17h | ↪ via jobright.ai |
| 2026-07-05 | TikTok | Software Engineer Intern (Experimentation & Evaluation, Data Platform) - 2026 Summer (BS/MS) | San Jose, CA, US | https://www.intern-list.com/swe-intern-list/software_engineer_intern_experimentation_evaluation_data_platform_2026_summer_bs_ms__at_tiktok_89650613 | intern-list | 17h | ↪ via jobright.ai |
| 2026-07-05 | Mauldin & Jenkins | Audit Accounting Intern - Baton Rouge, LA | Baton Rouge, LA, US | https://www.intern-list.com/accounting-and-finance-intern-list/audit_accounting_intern_baton_rouge_la_at_mauldin_jenkins_99146645 | intern-list | 17h | ↪ via jobright.ai |
| 2026-07-05 | International Justice Mission | Marketing Intern - Fall 2026 | Washington, DC, US | https://www.intern-list.com/mkt-intern-list/marketing_intern_fall_2026_at_international_justice_mission_92229740 | intern-list | 19h | ↪ via jobright.ai |
| 2026-07-05 | American Heart Association | Intern, Development & Community Events-Louisville, KY or the immediate surrounding area | Louisville, KY, US | https://jobright.ai/jobs/info/6a3198672ee3ac1b4beefdff?utm_source=1099&utm_campaign=Public%20Sector | intern-list | 8h |  |
| 2026-07-05 | AST SpaceMobile | Talent Acquisition/HR Intern | Midland, Texas, United States | https://jobright.ai/jobs/info/6a379bbff6b55d12c79246ae?utm_source=1099&utm_campaign=Human%20Resources | intern-list | 10h |  |
| 2026-07-05 | F. Schumacher & Co. | Product Data Strategy and Operations Intern | Soho, New York | https://jobright.ai/jobs/info/6a3c39164d047136e0930008?utm_source=1099&utm_campaign=Data%20Analysis | intern-list | 10h |  |
| 2026-07-05 | Tevora | Cybersecurity Internship Fall 2026 - Solutions | Irvine, CA | https://jobright.ai/jobs/info/6a2f5e22a1d15e3c55300b6f?utm_source=1099&utm_campaign=Consulting | intern-list | 10h |  |
| 2026-07-05 | BCFS Health & Human Services | Program Intern | 202 S. John Reddit Dr, Lufkin, TX 75904 | https://jobright.ai/jobs/info/69d933009f97a42dc9c20003?utm_source=1099&utm_campaign=Public%20Sector | intern-list | 10h |  |
| 2026-07-05 | Metropolitan Transportation Authority | Customer Feedback Analyst – Bus Location Information, Emerging Talent Intern (Fall) | New York, NY | https://jobright.ai/jobs/info/69f53017db88714bcdfb2a4e?utm_source=1099&utm_campaign=Customer%20Service | intern-list | 8h |  |
| 2026-07-05 | FF Inc | Marketing & Sales Internship | Columbia, MD | https://jobright.ai/jobs/info/6a4a6fa65d7b097d2df3c2e3?utm_source=1099&utm_campaign=Sales | intern-list | 9h |  |
| 2026-07-05 | ByteDance | Insurance Operations Project Intern (Global Payment) - 2026 Start (BS/MS) | Seattle, Washington, United States of America | https://jobright.ai/jobs/info/6a4a6d29c2d11a6a46676a49?utm_source=1099&utm_campaign=Data%20Analysis | intern-list | 9h |  |
| 2026-07-05 | ByteDance | Facilities Management Project Intern (Real Estate & Facilities - AMS) - 2026 Start (BS/MS) | San Jose, California, United States of America | https://jobright.ai/jobs/info/6a4a6d25f9cbb100d1ab4a8e?utm_source=1099&utm_campaign=Supply%20Chain | intern-list | 9h |  |
| 2026-07-05 | Dayton Freight Lines, Inc. | Management Internship | Bowling Green, KY, US | https://jobright.ai/jobs/info/6a2f6ce243732c05812dee49?utm_source=1099&utm_campaign=Supply%20Chain | intern-list | 9h |  |
| 2026-07-05 | Cadingo | Sales And Marketing Intern | United States | https://jobright.ai/jobs/info/6a4a62e64f64ba41dcb5b150?utm_source=1099&utm_campaign=Sales | intern-list | 9h |  |
| 2026-07-05 | MicroVention-Terumo | Intern, Supply Chain Planning | Aliso Viejo, California, USA | https://jobright.ai/jobs/info/6a3fe2473bfa967791ebf8c2?utm_source=1099&utm_campaign=Supply%20Chain | intern-list | 11h |  |
| 2026-07-05 | BGE, Inc. | FRISCO - Planning & Landscape Architecture, Internship | Frisco, TX | https://jobright.ai/jobs/info/6a13e5739fdbf21f36cbac5d?utm_source=1099&utm_campaign=Creatives%20Design | intern-list | 12h |  |
| 2026-07-05 | TikTok | Business Operations Project Intern, Content Operations (TikTok-Operations-Operations Efficiency) - 2026 Start (BS/MS) | New York, United States | https://jobright.ai/jobs/info/6a30c16b524fd5657fe12110?utm_source=1099&utm_campaign=Business%20Analyst | intern-list | 13h |  |
| 2026-07-05 | International Rescue Committee | Preferred Communities Medicaid Research & Health Systems Impact Intern (unpaid) | New York, NY | https://jobright.ai/jobs/info/6a10ebf212f8b43cf3987f5f?utm_source=1099&utm_campaign=Data%20Analysis | intern-list | 14h |  |
| 2026-07-05 | MedPro Group | Intern - Marketing - Data Analyst | Fort Wayne, IN | https://jobright.ai/jobs/info/6a2f618f89f8f147d3731ad6?utm_source=1099&utm_campaign=Data%20Analysis | intern-list | 14h |  |
| 2026-07-05 | GEI Consultants | Intern | Chicago, IL, US | https://www.indeed.com/viewjob?jk=6d02788b310844d1 | jobspy | 16h |  |
| 2026-07-05 | Uniwise Technology Labs Pvt Ltd | Business Development Executive Intern | Remote, US | https://www.indeed.com/viewjob?jk=4e09472888065c00 | jobspy | 16h |  |
| 2026-07-05 | SAP | SAP iXp Intern - Digital Solution Advisory [Finance & Accounting] | Alpharetta, GA, US, 30009 | https://jobright.ai/jobs/info/6a434ca9cbf92c7bcd36f984?utm_source=1099&utm_campaign=Sales | intern-list | 9h |  |
| 2026-07-05 | Electro | Social Media & Athlete Relations Intern | San Francisco, CA | https://jobright.ai/jobs/info/6a4a9cb2c2d11a6a46676d44?utm_source=1099&utm_campaign=Sales | intern-list | 9h |  |
| 2026-07-05 | Electro | Partnerships & Marketing Intern | Ann Arbor, MI | https://jobright.ai/jobs/info/6a4a9caa971cd25b06f9677a?utm_source=1099&utm_campaign=Sales | intern-list | 9h |  |
| 2026-07-05 | GROB Systems, Inc | Supply Chain Intern - Winter 2027 Job Details \| GROB | US | https://jobright.ai/jobs/info/6a4a89c4f9cbb100d1ab4bb9?utm_source=1099&utm_campaign=Supply%20Chain | intern-list | 11h |  |
| 2026-07-05 | Everstream Analytics | Intelligence Solutions Intern | United States (Remote) | https://jobright.ai/jobs/info/6a3f13d1ce7cce40b3422f46?utm_source=1099&utm_campaign=Data%20Analysis | intern-list | 11h |  |
| 2026-07-05 | Instawork | Product Operations Intern | San Francisco, California, United States | https://jobright.ai/jobs/info/6a277599b6099e359d282613?utm_source=1099&utm_campaign=Product%20Management | intern-list | 11h |  |
| 2026-07-05 | Metropolitan Transportation Authority | Product Management, Emerging Talent Intern (Fall) | New York, NY | https://jobright.ai/jobs/info/69f5a05c0b36ff03547529a3?utm_source=1099&utm_campaign=Product%20Management | intern-list | 12h |  |
| 2026-07-05 | Abercrombie & Fitch Co. | A&F Co. Design Sophomore Summit - Summer 2026 | Columbus, OH | https://jobright.ai/jobs/info/6a48032f971cd25b06f934d7?utm_source=1099&utm_campaign=Creatives%20Design | intern-list | 12h |  |
| 2026-07-05 | Federated Insurance | 2027 Claims College Internship - Edina, MN | Edina, MN | https://jobright.ai/jobs/info/6a2a2a1b1de59e0682a831de?utm_source=1099&utm_campaign=Customer%20Service | intern-list | 14h |  |
| 2026-07-06 | Success On The Spectrum | BCBA Intern / BCBA Practicum Student / BCaBA | Sherman, TX, US | https://www.indeed.com/viewjob?jk=e042b83fd60de289 | jobspy | 2h |  |
| 2026-07-06 | Tower Research Capital | Quantitative Trader Intern | Chicago, IL, NYC | https://www.tower-research.com/open-positions/?gh_jid=8024128 | simplify | 3h |  |
| 2026-07-06 | Tower Research Capital | Quantitative Developer Intern | Chicago, IL, NYC | https://www.tower-research.com/open-positions/?gh_jid=8044334 | simplify | 3h |  |
| 2026-07-06 | Walleye Capital | Business Operations Intern (Summer 2027) | New York, New York | https://jobright.ai/jobs/info/6a3e6a3a8bfad862bc99f93f?utm_source=1099&utm_campaign=Business%20Analyst | intern-list | 10h |  |
| 2026-07-06 | Vot-ER | LMSA x Vot-ER Partnerships Intern | United States | https://jobright.ai/jobs/info/6a3a91f6dbedbf5680c6ffd4?utm_source=1099&utm_campaign=Sales | intern-list | 10h |  |
| 2026-07-06 | Allstream Energy Partners | Sales Executive Intern - Marketing & AI SEO in Energy | Greater Houston | https://jobright.ai/jobs/info/6a4abf0a3dbab558e29af430?utm_source=1099&utm_campaign=Sales | intern-list | 12h |  |
| 2026-07-06 | ProFarm | Intern, Plant Health & Microbial Sciences | Davis, CA | https://jobright.ai/jobs/info/6a4abe5a4f64ba41dcb5b65e?utm_source=1099&utm_campaign=Healthcare | intern-list | 12h |  |
| 2026-07-06 | Varonis | Sales Intern | Morrisville, North Carolina | https://jobright.ai/jobs/info/6a4ab9204f64ba41dcb5b624?utm_source=1099&utm_campaign=Sales | intern-list | 12h |  |
| 2026-07-06 | PACCAR | Talent Acquisition Intern | Kirkland, WA, US, 98033 | https://jobright.ai/jobs/info/6a4781504f64ba41dcb56f63?utm_source=1099&utm_campaign=Human%20Resources | intern-list | 13h |  |
| 2026-07-06 | O&H Danish Bakery | IT Help Desk intern | Racine, Wisconsin, United States | https://jobright.ai/jobs/info/6a4800c5c2d11a6a46673948?utm_source=1099&utm_campaign=Customer%20Service | intern-list | 13h |  |
| 2026-07-06 | AvePoint | Sales Internship | Chicago, IL | https://jobright.ai/jobs/info/6a2e8582f1751b183c81c5cc?utm_source=1099&utm_campaign=Sales | intern-list | 14h |  |
| 2026-07-06 | NM Group | Sales and Marketing Internship | Manhattan, NY | https://jobright.ai/jobs/info/6a4ae1caf9cbb100d1ab50c3?utm_source=1099&utm_campaign=Sales | intern-list | 17h |  |
| 2026-07-06 | Citadel Securities | Quantitative Trader Intern | Miami, FL, NYC | https://www.citadelsecurities.com/careers/details/quantitative-trader-intern-us/ | simplify | 2h |  |
| 2026-07-06 | Citadel Securities | Software Engineer Intern | Miami, FL, NYC | https://www.citadelsecurities.com/careers/details/software-engineer-intern-us/ | simplify | 2h |  |
| 2026-07-06 | Citadel | Quantitative Research Analyst Intern | Greenwich, CT, Miami, FL, NYC | https://www.citadel.com/careers/details/quantitative-research-analyst-intern-us/ | simplify | 2h |  |
| 2026-07-06 | Citadel | Trader: Fixed Income & Macro Intern | Greenwich, CT, Miami, FL, NYC | https://www.citadel.com/careers/details/trader-fixed-income-macro-intern-us/ | simplify | 2h |  |
| 2026-07-06 | Susquehanna International Group (SIG) | Quantitative Strategy Developer Intern | Philadelphia, PA | https://careers-sig.icims.com/jobs/11170/job?mobile=true&needsRedirect=false | simplify | 2h |  |
| 2026-07-06 | ACE ASCENTIA PTE. LTD. | Finance Intern | Core, WV, US | https://www.indeed.com/viewjob?jk=9fb4fb42671fad5f | jobspy | 8h |  |
| 2026-07-06 | Cydecor, Inc. | SkillBridge Military Internship – Talent Acquisition & Workforce Planning | Arlington, Virginia, VA | https://jobright.ai/jobs/info/6a3daede122f340d29cf1c54?utm_source=1099&utm_campaign=Human%20Resources | intern-list | 10h |  |
| 2026-07-06 | BioSpace | SPARC Associate Biologist Intern | Gaithersburg, MD | https://jobright.ai/jobs/info/6a4b31f96189f64e437ee79d?utm_source=1099&utm_campaign=Healthcare | intern-list | 10h |  |
| 2026-07-06 | Mariner Finance | Branch Operations Summer Internship | Essex, MD, US | https://jobright.ai/jobs/info/6a2b21779bf7365df089c8a3?utm_source=1099&utm_campaign=Customer%20Service | intern-list | 11h |  |
| 2026-07-06 | CUPSHE | HR and Admin Intern | LA Metro Area | https://jobright.ai/jobs/info/6a4b1ce8f9cbb100d1ab545e?utm_source=1099&utm_campaign=Human%20Resources | intern-list | 12h |  |
| 2026-07-06 | Digi Security Systems | PE Operations Internship | Dallas, TX | https://jobright.ai/jobs/info/6a397a106484fb75f2b31c80?utm_source=1099&utm_campaign=Business%20Analyst | intern-list | 13h |  |
| 2026-07-06 | Alibaba Cloud | Sales Intern - Sunnyvale | Sunnyvale, CA | https://jobright.ai/jobs/info/6a4b0ca9f9cbb100d1ab52af?utm_source=1099&utm_campaign=Sales | intern-list | 13h |  |
| 2026-07-06 | The Kraft Group & Affiliates | Information Technology Intern | Kraft Group - Foxborough, MA 02035 | https://jobright.ai/jobs/info/6a304a03eace377055eb5895?utm_source=1099&utm_campaign=Customer%20Service | intern-list | 14h |  |
| 2026-07-06 | MAHLE | Sales Intern Job Details \| MAHLE | Farmington Hills, MI, US, 48335 | https://jobright.ai/jobs/info/6a4afa9f4f64ba41dcb5b999?utm_source=1099&utm_campaign=Sales | intern-list | 14h |  |
| 2026-07-06 | MAHLE | Logistics Intern CS Job Details \| MAHLE | Murfreesboro, TN, US, 37127 | https://jobright.ai/jobs/info/6a4afa96971cd25b06f96bfd?utm_source=1099&utm_campaign=Customer%20Service | intern-list | 14h |  |
| 2026-07-06 | Brennan Center for Justice | Fall 2026 Justice Undergraduate Internship | New York, NY | https://jobright.ai/jobs/info/6a394bad649fdf16293000b2?utm_source=1099&utm_campaign=Public%20Sector | intern-list | 14h |  |
| 2026-07-06 | SAP | SAP iXp Intern - Digital Value Advisory | Alpharetta, GA | https://jobright.ai/jobs/info/6a0aa624a203b1052e44e54c?utm_source=1099&utm_campaign=Business%20Analyst | intern-list | 20h |  |
| 2026-07-06 | The MetroHealth System (Cleveland, OH) | Nurse Intern-PM&R/Stroke 5N OBC | Cleveland, OH | https://jobright.ai/jobs/info/69d93cf1b67cec4f9b0a09b0?utm_source=1099&utm_campaign=Healthcare | intern-list | 20h |  |
| 2026-07-06 | Metropolitan Transportation Authority | Customer Feedback Analyst – Bus Location Information, Emerging Talent Intern (Fall) | New York, NY | https://jobright.ai/jobs/info/69f5a0570b36ff035475299e?utm_source=1099&utm_campaign=Customer%20Service | intern-list | 23h |  |
| 2026-07-06 | Capital One | Finance Internship Program - Summer 2027 | McLean, VA | https://capitalone.wd12.myworkdayjobs.com/Capital_One/job/McLean-VA/Finance-Internship-Program---Summer-2027_R244259-1 | workday | 0h |  |
| 2026-07-06 | UPS | Human Resources Intern | US - COMMERCE CITY (CODEN) | https://hcmportal.wd5.myworkdayjobs.com/Search/job/US---COMMERCE-CITY-CODEN/Human-Resources-Intern_R26022990 | workday | 0h |  |
| 2026-07-06 | Capital One | Data Analyst Intern | McLean, VA, Richmond, VA | https://capitalone.wd12.myworkdayjobs.com/Capital_One/job/McLean-VA/Data-Analyst-Intern---Summer-2027_R244317-1 | simplify | 0h |  |
| 2026-07-06 | Capital One | Product Development Intern | Plano, TX, McLean, VA | https://capitalone.wd12.myworkdayjobs.com/Capital_One/job/McLean-VA/Product-Development-Internship-Program---Summer-2027_R246020-1 | simplify | 0h |  |
| 2026-07-06 | Flexential | GTM Internship | PA - Collegeville, United States of America | https://jobright.ai/jobs/info/6a4bb16d6189f64e437ef69f?utm_source=1099&utm_campaign=Data%20Analysis | intern-list | 8h |  |
| 2026-07-06 | DCCM | Travel Demand Modeling Intern - Traffic & Planning | Austin,TX,US | https://jobright.ai/jobs/info/69febae11161630dd3b03539?utm_source=1099&utm_campaign=Data%20Analysis | intern-list | 8h |  |
| 2026-07-06 | Capital One | Product Development Internship Program - Summer 2027 | McLean, VA, United States of America | https://jobright.ai/jobs/info/6a4baaa0c2d11a6a4667838b?utm_source=1099&utm_campaign=Product%20Management | intern-list | 8h |  |
| 2026-07-06 | Naviga | [Remote] Marketing Intern | United States, US | https://www.intern-list.com/mkt-intern-list/marketing_intern_at_naviga_65183958 | intern-list | 8h | ↪ via jobright.ai |
| 2026-07-06 | National Retail Federation | NRF Foundation - Corporate Engagement Intern | Fully Remote | https://jobright.ai/jobs/info/6a4ba6754eb370649b27a7e7?utm_source=1099&utm_campaign=Public%20Sector | intern-list | 8h |  |
| 2026-07-06 | Mt. Olive Pickle Company Inc. | 2001 Agriculture Procurement Summer Intern (Night Shift) | Mt Olive,NC,US | https://jobright.ai/jobs/info/6a4ba5edc2d11a6a4667830b?utm_source=1099&utm_campaign=Supply%20Chain | intern-list | 9h |  |
| 2026-07-06 | Scimplify | International Business - Internship | New Jersey | https://jobright.ai/jobs/info/6a4ba5264f64ba41dcb5cac5?utm_source=1099&utm_campaign=Sales | intern-list | 9h |  |
| 2026-07-06 | The Sheraton Bloomington Hotel | J1 Intern - Front Desk Agent | Minneapolis,MN,US | https://jobright.ai/jobs/info/6a4ba2f15d7b097d2df3dab9?utm_source=1099&utm_campaign=Customer%20Service | intern-list | 9h |  |
| 2026-07-06 | Capital One | Data Analyst Intern - Summer 2027 | McLean, VA, United States of America | https://jobright.ai/jobs/info/6a4ba0e7c2d11a6a4667825e?utm_source=1099&utm_campaign=Data%20Analysis | intern-list | 9h |  |
| 2026-07-06 | CVS Health | Pharmacy Intern | FL - Lake Placid, US | https://jobright.ai/jobs/info/6a2286f2597131741415f19e?utm_source=1099&utm_campaign=Healthcare | intern-list | 9h |  |
| 2026-07-06 | CVS Health | Foreign Pharmacy Grad - International Pharmacy Intern | CA - Hesperia, US | https://jobright.ai/jobs/info/6a0b03390411d7417a1ac502?utm_source=1099&utm_campaign=Customer%20Service | intern-list | 9h |  |
| 2026-07-06 | Travelers | Finance and Accounting Leadership Development Program Intern | Hartford, CT, US | https://www.intern-list.com/accounting-and-finance-intern-list/finance_and_accounting_leadership_development_program_intern_at_travelers_72575923 | intern-list | 10h | ↪ via jobright.ai |
| 2026-07-06 | A.P. Moller - Maersk | Intern | Shanghai, VA | https://jobright.ai/jobs/info/6a4b83f24eb370649b27a48a?utm_source=1099&utm_campaign=Supply%20Chain | intern-list | 11h |  |
| 2026-07-06 | TikTok | Operations Project Intern (TikTok LIVE-AMS) - 2026 Start (BS/MS) | New York | https://jobright.ai/jobs/info/6a432e85e09ecb49596425eb?utm_source=1099&utm_campaign=Sales | intern-list | 11h |  |
| 2026-07-06 | Premium Merchant Funding | Financial Sales Intern | Southfield, MI | https://jobright.ai/jobs/info/69d8e81d9f97a42dc9c1e9d1?utm_source=1099&utm_campaign=Sales | intern-list | 11h |  |
| 2026-07-06 | PPC Partners Inc. | Intern, Learning & Development | New Berlin, WI, 53151, United States | https://jobright.ai/jobs/info/6a063275bc4184089f24ca71?utm_source=1099&utm_campaign=Human%20Resources | intern-list | 11h |  |
| 2026-07-06 | Evolv | Business Sales Intern | Chicago, IL | https://jobright.ai/jobs/info/6a4ba64e971cd25b06f97d8c?utm_source=1099&utm_campaign=Sales | intern-list | 11h |  |
| 2026-07-06 | On Trend Group | Customer Acquisition Intern | Long Beach, CA | https://jobright.ai/jobs/info/6a4b7bf15d7b097d2df3d702?utm_source=1099&utm_campaign=Sales | intern-list | 11h |  |
| 2026-07-06 | Method Communications | Public Relations Graduate Associate (Hybrid - Paid Internship) | San Francisco, CA, US | https://www.intern-list.com/mkt-intern-list/public_relations_graduate_associate_hybrid_paid_internship__at_method_communications_65183976 | intern-list | 12h | ↪ via jobright.ai |
| 2026-07-06 | Undead Labs | Engineering Intern | Seattle, WA, US | https://www.intern-list.com/swe-intern-list/engineering_intern_at_undead_labs_62933062 | intern-list | 12h | ↪ via jobright.ai |
| 2026-07-06 | TikTok | Affiliate Strategist Intern (TikTok Shop Creator and Affiliates) - 2026 Summer (MBA) | Multi Locations: Seattle; Seattle, WA | https://jobright.ai/jobs/info/6a4b68154f64ba41dcb5c469?utm_source=1099&utm_campaign=Business%20Analyst | intern-list | 13h |  |
| 2026-07-06 | MAHLE | Web Development Intern Job Details \| MAHLE | Dayton, OH, US | https://www.intern-list.com/swe-intern-list/web_development_intern_job_details_mahle_at_mahle_62933018 | intern-list | 14h | ↪ via jobright.ai |
| 2026-07-06 | TikTok | Software Engineer/Mobile Engineer Intern (Monetization Technology - Ads Core Demonstration) - 2026 Start (BS/MS) | San Jose, CA, US | https://www.intern-list.com/swe-intern-list/software_engineer_mobile_engineer_intern_monetization_technology_ads_core_demonstration_2026_start_bs_ms__at_tiktok_62933062 | intern-list | 14h | ↪ via jobright.ai |
| 2026-07-06 | Pony.ai | HR Intern | Multi Locations: Fremont, CA; Fremont, California, United States | https://jobright.ai/jobs/info/6a4b58535d7b097d2df3d28a?utm_source=1099&utm_campaign=Human%20Resources | intern-list | 14h |  |
| 2026-07-06 | CCS | Developer Intern | Hauppauge, NY, US | https://www.intern-list.com/swe-intern-list/developer_intern_at_ccs_62933072 | intern-list | 14h | ↪ via jobright.ai |
| 2026-07-06 |  | Finance & Marketing Intern – Hedge Fund Business Development | Avon, CT, US | https://www.indeed.com/viewjob?jk=2c6e7a75c91852dd | jobspy | 14h |  |
| 2026-07-06 | FIND Outdoors | Seasonal Education and Events Intern- Cradle of Forestry Session C | Pisgah Forest, NC | https://jobright.ai/jobs/info/6a4b4a826189f64e437ee9b4?utm_source=1099&utm_campaign=Human%20Resources | intern-list | 15h |  |
| 2026-07-06 | Pinterest | Apprentice Product Designer | San Francisco, CA, US; Remote, US | https://www.pinterestcareers.com/jobs/?gh_jid=8016473 | greenhouse | 1h |  |
| 2026-07-06 | Pinterest | Apprentice Product Researcher | San Francisco, CA, US; Remote, US | https://www.pinterestcareers.com/jobs/?gh_jid=8016567 | greenhouse | 1h |  |
| 2026-07-06 | University of Baltimore | Job Development Recruitment Specialist, Career & Internship Center, 30 hours per week, grant-funded | Baltimore, MD | https://jobright.ai/jobs/info/6a4bd68bc2d11a6a46678e15?utm_source=1099&utm_campaign=Human%20Resources | intern-list | 8h |  |
| 2026-07-06 | Coppin State University | Job Development Recruitment Specialist, Career & Internship Center, 30 hours per week, grant-funded | University of Baltimore, United States of America | https://jobright.ai/jobs/info/6a4bd512c2d11a6a46678dba?utm_source=1099&utm_campaign=Sales | intern-list | 8h |  |
| 2026-07-06 | Comparion Insurance Agency | Bilingual Sales Intern | Kennesaw, GA, US | https://jobright.ai/jobs/info/6a4bd431971cd25b06f9877c?utm_source=1099&utm_campaign=Sales | intern-list | 8h |  |
| 2026-07-06 | F. Schumacher & Co. | Hospitality Intern - Business Operations | New York, New York | https://jobright.ai/jobs/info/6a4bd26bc2d11a6a46678cf3?utm_source=1099&utm_campaign=Sales | intern-list | 8h |  |
| 2026-07-06 | Tom James Company | Semester Sales Internship - Georgia Southern University | Statesboro, GA | https://jobright.ai/jobs/info/6a4bd24cc2d11a6a46678cc2?utm_source=1099&utm_campaign=Sales | intern-list | 9h |  |
| 2026-07-06 | Tom James Company | Semester Sales Internship - Bloomsburg | Bloomsburg, PA | https://jobright.ai/jobs/info/6a4bd24a5d7b097d2df3e4a9?utm_source=1099&utm_campaign=Sales | intern-list | 9h |  |
| 2026-07-06 | Tom James Company | Semester Sales Internship - Arizona State University | Tempe, AZ | https://jobright.ai/jobs/info/6a4bd2475d7b097d2df3e49c?utm_source=1099&utm_campaign=Sales | intern-list | 9h |  |
| 2026-07-06 | Ohio Department of Education and Workforce | Human Resources Intern | Columbus, OH | https://jobright.ai/jobs/info/6a4bd2455d7b097d2df3e48c?utm_source=1099&utm_campaign=Human%20Resources | intern-list | 9h |  |
| 2026-07-06 | Tom James Company | Semester Sales Internship - University of Tampa | Tampa, FL | https://jobright.ai/jobs/info/6a4bd2435d7b097d2df3e483?utm_source=1099&utm_campaign=Sales | intern-list | 9h |  |
| 2026-07-06 | Tom James Company | Semester Sales Internship - James Madison University | Harrisonburg, VA | https://jobright.ai/jobs/info/6a4bd2426189f64e437efe77?utm_source=1099&utm_campaign=Sales | intern-list | 9h |  |
| 2026-07-06 | Optima Partners | Cybersecurity Intern | New York, NY | https://jobright.ai/jobs/info/6a281f181dbd8437bebc8cf7?utm_source=1099&utm_campaign=Consulting | intern-list | 9h |  |
| 2026-07-06 | Vannevar | Public Policy & Community Affairs Intern | Honolulu, Hawaii, United States | https://jobright.ai/jobs/info/6a4bd1ed5d7b097d2df3e45b?utm_source=1099&utm_campaign=Public%20Sector | intern-list | 9h |  |
| 2026-07-06 | Vantage Specialty Chemicals | Creative Design Intern - Part-Time | Warren County, NJ | https://jobright.ai/jobs/info/6a4bcfed971cd25b06f985d2?utm_source=1099&utm_campaign=Creatives%20Design | intern-list | 9h |  |
| 2026-07-06 | Burna AI | Business Development Intern at Oncology Startup | United States | https://jobright.ai/jobs/info/6a4bcc72971cd25b06f984f8?utm_source=1099&utm_campaign=Sales | intern-list | 9h |  |
| 2026-07-06 | SAVENCIA | INTERN SALES ADMINISTRATIVE OFFICER | NEW YORK, NY, United States | https://jobright.ai/jobs/info/6a4bc9de5d7b097d2df3e20f?utm_source=1099&utm_campaign=Sales | intern-list | 9h |  |
| 2026-07-06 | Westwood Community Church | Kids Ministry Intern | Excelsior,MN,US | https://jobright.ai/jobs/info/6a2682dbf7fb48017f2bc716?utm_source=1099&utm_campaign=Public%20Sector | intern-list | 9h |  |
| 2026-07-06 | SAP | SAP iXp Intern - Virtual Project Room | Newtown Square, PA | https://jobright.ai/jobs/info/6a4bc8475d7b097d2df3e191?utm_source=1099&utm_campaign=Customer%20Service | intern-list | 9h |  |
| 2026-07-06 | Ohio BWC (official) | Human Resources Intern | Ohio Department of Education25 South Front StreetColumbus43215-4104 | https://jobright.ai/jobs/info/6a4bc4356189f64e437efb0e?utm_source=1099&utm_campaign=Human%20Resources | intern-list | 9h |  |
| 2026-07-06 | Instawork | Product Operations Intern | San Francisco, California, United States | https://jobright.ai/jobs/info/6a1718ea9005d858e94f5c49?utm_source=1099&utm_campaign=Product%20Management | intern-list | 9h |  |
| 2026-07-06 | IPConfigure Inc. | Software Technical Support Engineer Intern | Norfolk, Virginia, United States | https://jobright.ai/jobs/info/6a4bc4dc5d7b097d2df3e127?utm_source=1099&utm_campaign=Customer%20Service | intern-list | 9h |  |
| 2026-07-06 | Lactalis American Group | Procurement Intern | Buffalo,NY,US | https://jobright.ai/jobs/info/6a4bc4cb4eb370649b27adeb?utm_source=1099&utm_campaign=Supply%20Chain | intern-list | 9h |  |
| 2026-07-06 | Metropolitan Transportation Authority | Strategic Priorities, Emerging Talent Intern (Fall) | Jamaica, NY | https://jobright.ai/jobs/info/69f5a07aa3d34b4f76f55c49?utm_source=1099&utm_campaign=Data%20Analysis | intern-list | 10h |  |
| 2026-07-06 | Plymouth Tube Company | Sales and Marketing Intern | Warrenville, IL, USA | https://jobright.ai/jobs/info/6a46f2570dd56c76cc2fb95e?utm_source=1099&utm_campaign=Sales | intern-list | 10h |  |
| 2026-07-06 | Uncle Giuseppe's Marketplace | Intern (HR) | Melville, NY 11747, USA | https://jobright.ai/jobs/info/6a4bc1a6971cd25b06f982ab?utm_source=1099&utm_campaign=Human%20Resources | intern-list | 10h |  |
| 2026-07-06 | PalmStateGroup | Internship Sales | United States | https://jobright.ai/jobs/info/6a4bc168c2d11a6a4667884c?utm_source=1099&utm_campaign=Sales | intern-list | 10h |  |
| 2026-07-06 | Electro | Social Media & Creator Partnerships Intern | Illinois, United States | https://jobright.ai/jobs/info/6a4bc15b6189f64e437efa7e?utm_source=1099&utm_campaign=Sales | intern-list | 10h |  |
| 2026-07-06 | Plymouth Rock Assurance | Product Analyst Intern | Woodbridge, NJ | https://jobright.ai/jobs/info/6a4bbbc24f64ba41dcb5ce8c?utm_source=1099&utm_campaign=Product%20Management | intern-list | 10h |  |
| 2026-07-06 | Whitney Museum of American Art | [Fall 2026] Advancement - Individual Giving Internship | New York, NY | https://jobright.ai/jobs/info/6a3c02c54d047136e092f10a?utm_source=1099&utm_campaign=Public%20Sector | intern-list | 10h |  |
| 2026-07-06 | Federated Insurance | 2027 Claims College Internship - Glendale, AZ | Glendale, AZ | https://jobright.ai/jobs/info/6a298223495d985b99423d85?utm_source=1099&utm_campaign=Customer%20Service | intern-list | 10h |  |
| 2026-07-06 | SECU | Intern- Branch Fall 2026 | North Carolina, United States of America | https://jobright.ai/jobs/info/6a462437971cd25b06f8bfc7?utm_source=1099&utm_campaign=Customer%20Service | intern-list | 10h |  |
| 2026-07-06 | J.B. Hunt Transport Services, Inc. | Operations Internship, Summer 2026 | Brattleboro, VT - Old Ferry Rd, US | https://jobright.ai/jobs/info/6a24470014de9460dc8465db?utm_source=1099&utm_campaign=Supply%20Chain | intern-list | 11h |  |
